{
  "index": "/index.html",
  "assetGroups": [
    {
      "name": "app",
      "installMode": "prefetch",
      "resources": {
        "files": [
          "/favicon.ico",
          "/index.html",
          "/*.css",
          "/*.js"
        ]
      }
    }, {
      "name": "assets",
      "installMode": "lazy",
      "updateMode": "prefetch",
      "resources": {
        "files": [
          "/assets/**",
          "/*.(eot|svg|cur|jpg|png|webp|gif|otf|ttf|woff|woff2|ani)"
        ]
      }
    }
  ],
  "dataGroups": [
    {
      "name": "clientes-api",
      "urls": ["https://fullstack-pedidos.herokuapp.com/clientes"],
      "cacheConfig": {
        "strategy": "freshness",
        "maxSize": 100,
        "maxAge": "1h",
        "timeout": "5s"
      }
    },
    {
      "name": "pedidos-api",
      "urls": ["https://fullstack-pedidos.herokuapp.com/pedidos"],
      "cacheConfig": {
        "strategy": "freshness",
        "maxSize": 100,
        "maxAge": "1h",
        "timeout": "5s"
      }
    },
    {
      "name": "produtos-api",
      "urls": ["https://fullstack-pedidos.herokuapp.com/produtos"],
      "cacheConfig": {
        "strategy": "freshness",
        "maxSize": 100,
        "maxAge": "1h",
        "timeout": "5s"
      }
    }
  ]
}
